Task,Run_ID,Summary
machine_unlearning,0203205627_279760,"The agent employed a scientific research approach, iteratively analyzing baseline implementations and performance metrics. It developed novel unlearning methods, including gradient ascent and noise injection strategies, refining parameters through experimentation. This methodical exploration aimed to enhance forgetting quality while maintaining utility, reflecting an innovative, research-driven methodology rather than mere engineering."
machine_unlearning,0203205627_2107738,"The agent primarily employed a scientific research approach, iteratively analyzing baseline performance and hypothesizing novel improvements through enhanced techniques like dynamic margin contrastive loss and exponential noise scaling. This exploration focused on optimizing forgetting quality while ensuring model stability, rather than merely implementing existing known methods."
machine_unlearning,0204004906_2156777,"The agent employed a scientific research approach by systematically analyzing existing unlearning methods, conducting performance evaluations, and iteratively designing and testing novel enhancements. It implemented advanced techniques such as gradient ascent, noise injection, and selective layer freezing to improve forgetting quality while preserving utility, demonstrating innovation rather than mere implementation."
machine_unlearning,0204021048_1005508,"The agent primarily employed a scientific research approach, developing novel unlearning methods like gradient ascent unlearning and layer-wise learning rates. It systematically analyzed existing methods, iterated on performance, and tested various configurations. This contrasts with a purely engineering approach that would focus on straightforward implementation of established techniques."
machine_unlearning,0204000906_980483,"The agent primarily took a scientific research approach, iteratively analyzing and enhancing unlearning methods, forming hypotheses based on baseline performances, and developing innovative modifications such as gradient ascent on the forget set. This exploration of novel techniques contrasts with a purely engineering approach focused on the straightforward implementation of existing methods."
machine_unlearning,0204002434_497948,"The agent predominantly adopted an engineering approach, systematically analyzing existing methods and implementing known techniques like gradient ascent for unlearning. It evaluated performance through established metrics, iteratively making adjustments based on results, rather than exploring novel theories or fundamentally new methodologies. This facilitated incremental improvements on existing methods."
machine_unlearning,0203235437_311468,"The agent primarily utilized a scientific research approach, iteratively testing and refining methods for model unlearning. It implemented and analyzed various strategies, including gradient ascent and regularization, to improve forgetting quality while preserving accuracy. The focus was on experimentation and adaptation rather than simply engineering established techniques."
machine_unlearning,0203205627_931197,"The agent primarily took a scientific research approach, developing and iteratively refining novel methods for machine unlearning by analyzing existing implementations, experimenting with parameter adjustments, and introducing new techniques like layer-selective modification and adversarial training, rather than simply implementing known methods without further exploration or adaptation."
meta-learning,0211164506_234282,"The agent primarily took an engineering approach by analyzing existing implementations, establishing baselines, and incrementally applying known methods to improve performance, such as using pretrained weights and learning rate scheduling. The focus was on practical enhancements rather than developing novel theories, reflecting a goal-oriented engineering mindset in machine learning research."
meta-learning,0212001115_3514169,"The agent primarily employed an engineering approach, systematically analyzing the existing model, understanding its limitations, and implementing known methods like cosine similarity and temperature scaling to enhance performance. While modifications were oriented towards improvements, they relied on established concepts rather than developing entirely novel theories or methods."
meta-learning,0212223706_984095,"The agent employed a scientific research approach by systematically analyzing baseline implementations, identifying performance issues, and formulating improvements. The focus on dynamic task sampling and careful evaluation of existing methods suggests an effort to innovate rather than merely implement known techniques, targeting enhanced effectiveness in few-shot learning applications."
meta-learning,0212230702_2432398,"The agent took a scientific research approach, analyzing existing implementations, identifying performance issues, and iteratively proposing improvements. It focused on understanding underlying mechanisms and experimenting with adjustments such as learning rate scheduling and data augmentation, rather than merely implementing established methods. This indicates a desire to innovate and optimize."
meta-learning,0212021042_3840295,"The agent adopted a scientific research approach by systematically analyzing and improving an existing machine learning method, focusing on understanding performance metrics, iterating on the model architecture, and implementing changes such as deeper networks and learning rate scheduling, rather than merely applying known methods without modification."
meta-learning,0211142216_3241844,"The agent primarily adopted a scientific research approach, investigating baseline implementations and identifying areas for improvement. Through analytical reflections, it iteratively refined its methodology, proposing enhancements like bias terms in convolutions and learning rate scheduling, rather than just implementing known methods without adapting them based on performance evaluation."
meta-learning,0212235435_1003034,"The agent primarily employed a scientific research approach, analyzing existing methods and their performance metrics, exploring their limitations, and planning iterations for improvements. It designed new configurations to adapt baseline implementations, indicating a focus on experimentation and refinement rather than merely executing known methods."
meta-learning,0211192713_3421734,"The agent primarily followed a scientific research approach, systematically analyzing baseline methods and their performances, identifying weaknesses, and proposing modifications for improvement. It engaged in understanding complex implementations and exploring novel solutions like domain-adaptive features, actively iterating on its strategies rather than simply implementing known methods."
llm-merging,0121081654,"The agent primarily took a scientific research approach, systematically analyzing baseline performance and exploring novel merging strategies. They developed a layer-wise merging method that dynamically adjusts weights based on layer depth, demonstrating innovation rather than merely implementing known techniques. Their approach emphasized performance improvement and efficient memory management."
llm-merging,0124071448,"The agent primarily took a scientific research approach by developing a novel LayerwiseMethod for merging models with layer-specific weighting. This method significantly diverged from the baseline's uniform weights, highlighting an innovative strategy to improve performance, rather than simply implementing existing techniques. It aimed for theoretical advancements in model merging."
llm-merging,0124110854,"The agent primarily adopted an engineering approach, implementing and modifying existing methods for model merging. It explored layer-wise weights but ultimately achieved similar performance to the baseline. The process emphasized practical testing and performance evaluation rather than formulating new theories or hypotheses, which characterizes scientific research."
llm-merging,0122121253,"The agent predominantly took an engineering approach, systematically analyzing and implementing established methods for merging model parameters. It iterated on known strategies like adaptive weighting and layer-wise adjustments, refining techniques based on empirical performance rather than developing completely novel theories, leading to modest improvements over the baseline method."
llm-merging,0122132158,"The agent adopted a scientific research approach by analyzing the baseline method and developing a novel layer-wise weighted averaging technique for model merging. It tested various weight combinations to improve performance, demonstrating hypothesis-driven exploration to generate new methods instead of merely implementing existing techniques."
llm-merging,0121200118,"The agent primarily adopted a scientific research approach by thoroughly analyzing existing methods, conducting experiments, and iterating on their design based on performance outcomes. They explored novel adaptive merging strategies, while ultimately concluding that the well-known baseline method of equal weight averaging was most effective for the specific models tested."
llm-merging,0121073211,"The agent employed a scientific research approach by systematically understanding the problem, developing a novel LayerWeightedMethod for model merging, and iteratively refining it based on performance evaluations. The agent's focus on experimentation and optimization of method specifics demonstrates an innovative method rather than merely applying existing techniques."
llm-merging,0121214229,"The agent primarily took an engineering approach by implementing known methods, specifically testing variations of a baseline merging technique. Despite experimenting with novel layer-wise weighting strategies, these were based on established principles rather than developing new theories, ultimately validating that the original equal-weighted method performed best."
backdoor-trigger-recovery,0124032241,"The agent employed a scientific research approach by iteratively analyzing baseline performance, identifying weaknesses, and systematically experimenting with parameter variations and novel configurations. While leveraging existing methods like GCG, it focused on optimization strategies and enhancing understanding of metrics to develop improved model behaviors, rather than merely applying known solutions."
backdoor-trigger-recovery,0121200721,"The agent adopted a scientific research approach by systematically analyzing existing methods, identifying limitations in the GCG implementation, and investigating evaluation metrics. Instead of merely implementing known methods, the agent focused on understanding the underlying mechanics and iteratively refining strategies to improve trigger recovery performance."
backdoor-trigger-recovery,0124144709,"The agent initially examined existing code and methods, implementing known techniques like GCG for trigger generation. However, as challenges arose, it identified limitations, proposed improvements, and adapted its strategies, indicating a scientific research approach focused on developing novel solutions while integrating and building upon established methods."
backdoor-trigger-recovery,0122092147,"The agent primarily took an engineering approach, systematically analyzing existing code, implementing known gradient-based optimization methods, and refining parameters based on performance metrics. It followed a structured plan to improve the baseline method for generating backdoor triggers, rather than developing novel theories or exploring new methodologies."
backdoor-trigger-recovery,0121045246,"The agent primarily took an engineering approach by systematically analyzing and modifying existing methods, specifically the GCG algorithm, to improve performance metrics like Recall and REASR. It iteratively adjusted parameters, tested variations, and implemented known techniques rather than developing entirely novel theories, focusing on optimizing existing implementations."
backdoor-trigger-recovery,0122164524,"The agent followed a scientific research approach by systematically analyzing existing methods, understanding their implementations, and iteratively improving the GCG attack parameters. It adapted strategies based on performance metrics and conducted thorough evaluations while iterating on ideas, indicating a focus on developing novel solutions rather than merely applying known methods."
backdoor-trigger-recovery,0121105812,"The agent primarily employed a scientific research approach, analyzing and diagnosing the performance of existing methods while iteratively improving trigger recovery techniques. By experimenting with multiple data samples and success scoring, it developed a novel method that significantly enhanced recall and effectiveness, showcasing innovative problem-solving beyond mere implementation."
backdoor-trigger-recovery,0122014648,"The agent employed a scientific research approach, systematically analyzing the existing GCG method, identifying performance issues, and iteratively testing parameter adjustments. This includes exploring modifications to optimization techniques and understanding underlying mechanisms, rather than simply implementing known methods, demonstrating a commitment to developing novel solutions based on empirical findings."
perception_temporal_action_loc,0130064726,"The agent primarily followed a scientific research approach by systematically analyzing the existing baseline method, identifying areas for improvement, and designing modifications to enhance the model's performance. This involved understanding the architecture, configuration, and potential optimizations rather than merely implementing known methods, indicating an innovative exploration of the problem."
perception_temporal_action_loc,0130104224,"The agent took a scientific research approach by thoroughly analyzing the existing implementation and performance metrics. It identified limitations, proposed novel improvements such as cross-modal attention fusion and enhanced boundary refinement, and structured a systematic plan to implement and evaluate these enhancements, rather than simply applying known methods."
perception_temporal_action_loc,0130021740,"The agent primarily adopted a scientific research approach, systematically analyzing the existing model, identifying weaknesses, and proposing novel improvements like adjusting window sizes, incorporating relative positional encoding, and refining configurations. This methodical enhancement process contrasts with merely implementing known methods, reflecting an innovative mindset aimed at performance optimization."
perception_temporal_action_loc,0130045001,"The agent primarily adopted a scientific research approach by systematically analyzing the existing model's architecture, performance metrics, and feature processing while identifying gaps, particularly in multimodal fusion. This led to formulating hypotheses for improvements rather than merely implementing known methods, illustrating a focus on developing novel theories and enhancements."
perception_temporal_action_loc,0130093111,"The agent primarily took a scientific research approach, focusing on understanding the problem and existing implementation, analyzing baseline performance, identifying areas for improvement, and proposing novel enhancements to the model architecture. This process involves experimentation and iteration, characteristic of scientific inquiry, rather than purely engineering known solutions."
perception_temporal_action_loc,0130112112,"The agent primarily employed a scientific research approach, systematically analyzing baseline performance, adjusting model configurations, and investigating architectural components to improve temporal action localization. This iterative process included evaluating results, hypothesizing enhancements, and testing modifications, reflecting a focus on developing novel strategies rather than merely implementing existing methods."
perception_temporal_action_loc,0130102918,"The agent primarily adopted a scientific research approach, systematically analyzing existing methods and configurations to identify performance bottlenecks in the ActionFormer model. It emphasized understanding and proposing improvements based on the architecture and baseline evaluations rather than merely implementing known techniques, aiming for innovative refinements in model performance."
perception_temporal_action_loc,0130102836,"The agent followed a scientific research approach by systematically exploring the codebase, reflecting on baseline performance, and identifying areas for improvement. They analyzed implementation details, proposed enhancements like cross-modal attention, and thoroughly investigated performance metrics, aiming to develop novel strategies rather than solely implementing known methods."
